{
  "mainAssemblyName": "TicketingSystem.Blazor",
  "resources": {
    "hash": "sha256-XeAj+ISrYhnYL70GygSgEwuX7qkjm5qA09OVlhFw8jo=",
    "fingerprinting": {
      "Blazored.LocalStorage.rtee5ama0k.wasm": "Blazored.LocalStorage.wasm",
      "MediatR.Contracts.f5sa8x1lz4.wasm": "MediatR.Contracts.wasm",
      "MediatR.flu4mwe7ud.wasm": "MediatR.wasm",
      "Microsoft.AspNetCore.Authentication.1jy2czmvcw.wasm": "Microsoft.AspNetCore.Authentication.wasm",
      "Microsoft.AspNetCore.Authentication.Abstractions.teru10q8m9.wasm": "Microsoft.AspNetCore.Authentication.Abstractions.wasm",
      "Microsoft.AspNetCore.Authentication.Cookies.5hwk0bo7dn.wasm": "Microsoft.AspNetCore.Authentication.Cookies.wasm",
      "Microsoft.AspNetCore.Authentication.Core.m4evlbueww.wasm": "Microsoft.AspNetCore.Authentication.Core.wasm",
      "Microsoft.AspNetCore.Authorization.d3cmosykbz.wasm": "Microsoft.AspNetCore.Authorization.wasm",
      "Microsoft.AspNetCore.Components.Authorization.gtg2riohx5.wasm": "Microsoft.AspNetCore.Components.Authorization.wasm",
      "Microsoft.AspNetCore.Components.Forms.4r6j9a245z.wasm": "Microsoft.AspNetCore.Components.Forms.wasm",
      "Microsoft.AspNetCore.Components.Web.naj1878sl7.wasm": "Microsoft.AspNetCore.Components.Web.wasm",
      "Microsoft.AspNetCore.Components.WebAssembly.dtgferfsz9.wasm": "Microsoft.AspNetCore.Components.WebAssembly.wasm",
      "Microsoft.AspNetCore.Components.c5n7w8y2jx.wasm": "Microsoft.AspNetCore.Components.wasm",
      "Microsoft.AspNetCore.Cryptography.Internal.h74jizllul.wasm": "Microsoft.AspNetCore.Cryptography.Internal.wasm",
      "Microsoft.AspNetCore.Cryptography.KeyDerivation.mncxmhzpz8.wasm": "Microsoft.AspNetCore.Cryptography.KeyDerivation.wasm",
      "Microsoft.AspNetCore.DataProtection.0x2ox0eei1.wasm": "Microsoft.AspNetCore.DataProtection.wasm",
      "Microsoft.AspNetCore.DataProtection.Abstractions.i763uxpqcz.wasm": "Microsoft.AspNetCore.DataProtection.Abstractions.wasm",
      "Microsoft.AspNetCore.Hosting.Abstractions.kb9z3q8jmd.wasm": "Microsoft.AspNetCore.Hosting.Abstractions.wasm",
      "Microsoft.AspNetCore.Hosting.Server.Abstractions.wyr9zkt2c4.wasm": "Microsoft.AspNetCore.Hosting.Server.Abstractions.wasm",
      "Microsoft.AspNetCore.Http.Abstractions.5jy9omvvsv.wasm": "Microsoft.AspNetCore.Http.Abstractions.wasm",
      "Microsoft.AspNetCore.Http.Extensions.57zig84vjd.wasm": "Microsoft.AspNetCore.Http.Extensions.wasm",
      "Microsoft.AspNetCore.Http.Features.pqxjsc5k5q.wasm": "Microsoft.AspNetCore.Http.Features.wasm",
      "Microsoft.AspNetCore.Http.f0vd9tuzrq.wasm": "Microsoft.AspNetCore.Http.wasm",
      "Microsoft.AspNetCore.Identity.3qvc864q0b.wasm": "Microsoft.AspNetCore.Identity.wasm",
      "Microsoft.AspNetCore.Identity.EntityFrameworkCore.zt9kwfafir.wasm": "Microsoft.AspNetCore.Identity.EntityFrameworkCore.wasm",
      "Microsoft.AspNetCore.Metadata.wdm8q8qkur.wasm": "Microsoft.AspNetCore.Metadata.wasm",
      "Microsoft.AspNetCore.WebUtilities.3iepfijnwt.wasm": "Microsoft.AspNetCore.WebUtilities.wasm",
      "Microsoft.EntityFrameworkCore.7t7maosifm.wasm": "Microsoft.EntityFrameworkCore.wasm",
      "Microsoft.EntityFrameworkCore.Abstractions.lvg32c70bc.wasm": "Microsoft.EntityFrameworkCore.Abstractions.wasm",
      "Microsoft.EntityFrameworkCore.Relational.ajs850b5pl.wasm": "Microsoft.EntityFrameworkCore.Relational.wasm",
      "Microsoft.Extensions.Caching.Abstractions.1qhqiw9j3g.wasm": "Microsoft.Extensions.Caching.Abstractions.wasm",
      "Microsoft.Extensions.Caching.Memory.szkee7h777.wasm": "Microsoft.Extensions.Caching.Memory.wasm",
      "Microsoft.Extensions.Configuration.zpvb0tues9.wasm": "Microsoft.Extensions.Configuration.wasm",
      "Microsoft.Extensions.Configuration.Abstractions.t5tagj8hby.wasm": "Microsoft.Extensions.Configuration.Abstractions.wasm",
      "Microsoft.Extensions.Configuration.Json.dmhhu1g5m8.wasm": "Microsoft.Extensions.Configuration.Json.wasm",
      "Microsoft.Extensions.DependencyInjection.Abstractions.1xnx5kqbyf.wasm": "Microsoft.Extensions.DependencyInjection.Abstractions.wasm",
      "Microsoft.Extensions.DependencyInjection.krf6jshe74.wasm": "Microsoft.Extensions.DependencyInjection.wasm",
      "Microsoft.Extensions.Diagnostics.9wjofzsnko.wasm": "Microsoft.Extensions.Diagnostics.wasm",
      "Microsoft.Extensions.Diagnostics.Abstractions.lxk837v1en.wasm": "Microsoft.Extensions.Diagnostics.Abstractions.wasm",
      "Microsoft.Extensions.FileProviders.Abstractions.4qzw6jjajt.wasm": "Microsoft.Extensions.FileProviders.Abstractions.wasm",
      "Microsoft.Extensions.Http.cf8ngmk1hn.wasm": "Microsoft.Extensions.Http.wasm",
      "Microsoft.Extensions.Identity.Core.zsgdxn4829.wasm": "Microsoft.Extensions.Identity.Core.wasm",
      "Microsoft.Extensions.Identity.Stores.t6epcq9sqb.wasm": "Microsoft.Extensions.Identity.Stores.wasm",
      "Microsoft.Extensions.Localization.Abstractions.ixsppbtym0.wasm": "Microsoft.Extensions.Localization.Abstractions.wasm",
      "Microsoft.Extensions.Localization.bvn14pws96.wasm": "Microsoft.Extensions.Localization.wasm",
      "Microsoft.Extensions.Logging.j0jbt527g2.wasm": "Microsoft.Extensions.Logging.wasm",
      "Microsoft.Extensions.Logging.Abstractions.naw3rgqc9u.wasm": "Microsoft.Extensions.Logging.Abstractions.wasm",
      "Microsoft.Extensions.ObjectPool.n96t76uekt.wasm": "Microsoft.Extensions.ObjectPool.wasm",
      "Microsoft.Extensions.Options.46wy5nhebt.wasm": "Microsoft.Extensions.Options.wasm",
      "Microsoft.Extensions.Primitives.xtjejewnx1.wasm": "Microsoft.Extensions.Primitives.wasm",
      "Microsoft.Extensions.WebEncoders.38gikq54j2.wasm": "Microsoft.Extensions.WebEncoders.wasm",
      "Microsoft.JSInterop.WebAssembly.ck2n8tx5vz.wasm": "Microsoft.JSInterop.WebAssembly.wasm",
      "Microsoft.JSInterop.84xctsirf8.wasm": "Microsoft.JSInterop.wasm",
      "Microsoft.Net.Http.Headers.vhfw8f9f40.wasm": "Microsoft.Net.Http.Headers.wasm",
      "Microsoft.Win32.Registry.nvne6qba98.wasm": "Microsoft.Win32.Registry.wasm",
      "MudBlazor.jp5w6tg38r.wasm": "MudBlazor.wasm",
      "System.Buffers.y7p8c8pt00.wasm": "System.Buffers.wasm",
      "System.Collections.u268bwwqgb.wasm": "System.Collections.wasm",
      "System.Collections.Concurrent.h2v1z0w85l.wasm": "System.Collections.Concurrent.wasm",
      "System.Collections.Immutable.mzcvyyot4l.wasm": "System.Collections.Immutable.wasm",
      "System.Collections.NonGeneric.4hl4ukqt7n.wasm": "System.Collections.NonGeneric.wasm",
      "System.Collections.Specialized.k62ypa89w7.wasm": "System.Collections.Specialized.wasm",
      "System.ComponentModel.Annotations.017gopqo9f.wasm": "System.ComponentModel.Annotations.wasm",
      "System.ComponentModel.Primitives.pmv9u3u50t.wasm": "System.ComponentModel.Primitives.wasm",
      "System.ComponentModel.TypeConverter.0zr5xrjdyb.wasm": "System.ComponentModel.TypeConverter.wasm",
      "System.ComponentModel.jzuedxd7v1.wasm": "System.ComponentModel.wasm",
      "System.Console.5wsqfrlcmx.wasm": "System.Console.wasm",
      "System.Data.Common.pkay0ng674.wasm": "System.Data.Common.wasm",
      "System.Diagnostics.DiagnosticSource.2p48k6ow6o.wasm": "System.Diagnostics.DiagnosticSource.wasm",
      "System.Diagnostics.Tracing.apfi320fd3.wasm": "System.Diagnostics.Tracing.wasm",
      "System.Formats.Asn1.xf49xcc77t.wasm": "System.Formats.Asn1.wasm",
      "System.IO.Pipelines.k6xrvw54s2.wasm": "System.IO.Pipelines.wasm",
      "System.Linq.Expressions.744h5gjikl.wasm": "System.Linq.Expressions.wasm",
      "System.Linq.Queryable.dyst5lyqdl.wasm": "System.Linq.Queryable.wasm",
      "System.Linq.h5jjyki2m9.wasm": "System.Linq.wasm",
      "System.Memory.clapilfawt.wasm": "System.Memory.wasm",
      "System.Net.Http.Json.0bxxnkaskr.wasm": "System.Net.Http.Json.wasm",
      "System.Net.Http.ezcv1dyw92.wasm": "System.Net.Http.wasm",
      "System.Net.NetworkInformation.8134o0e32q.wasm": "System.Net.NetworkInformation.wasm",
      "System.Net.Primitives.m7lgo5d69c.wasm": "System.Net.Primitives.wasm",
      "System.Net.WebSockets.whryvgjfso.wasm": "System.Net.WebSockets.wasm",
      "System.ObjectModel.ynmxqtgylc.wasm": "System.ObjectModel.wasm",
      "System.Private.CoreLib.0zkpb8ca5m.wasm": "System.Private.CoreLib.wasm",
      "System.Private.Uri.s44e96ifx7.wasm": "System.Private.Uri.wasm",
      "System.Private.Xml.5jrkjjzsdq.wasm": "System.Private.Xml.wasm",
      "System.Private.Xml.Linq.rw47xypc6h.wasm": "System.Private.Xml.Linq.wasm",
      "System.Runtime.hh0e7280vb.wasm": "System.Runtime.wasm",
      "System.Runtime.InteropServices.JavaScript.u9tzo6t7zm.wasm": "System.Runtime.InteropServices.JavaScript.wasm",
      "System.Runtime.InteropServices.pry7fjve8v.wasm": "System.Runtime.InteropServices.wasm",
      "System.Runtime.Numerics.8dcs14uff5.wasm": "System.Runtime.Numerics.wasm",
      "System.Security.AccessControl.0fgn7poxgt.wasm": "System.Security.AccessControl.wasm",
      "System.Security.Claims.e8igvwaued.wasm": "System.Security.Claims.wasm",
      "System.Security.Cryptography.Pkcs.4rmexu0m3o.wasm": "System.Security.Cryptography.Pkcs.wasm",
      "System.Security.Cryptography.Xml.ox1n5kk03z.wasm": "System.Security.Cryptography.Xml.wasm",
      "System.Security.Cryptography.kgulob6bec.wasm": "System.Security.Cryptography.wasm",
      "System.Security.Principal.Windows.wz0ncg4fsz.wasm": "System.Security.Principal.Windows.wasm",
      "System.Text.Encodings.Web.u4fy7jvfmr.wasm": "System.Text.Encodings.Web.wasm",
      "System.Text.Json.idgdjtinsm.wasm": "System.Text.Json.wasm",
      "System.Text.RegularExpressions.k1c1nz87r9.wasm": "System.Text.RegularExpressions.wasm",
      "System.Threading.kqnfry8i9g.wasm": "System.Threading.wasm",
      "System.Threading.Thread.u13k1px4e9.wasm": "System.Threading.Thread.wasm",
      "System.Transactions.Local.ecyb1j7n79.wasm": "System.Transactions.Local.wasm",
      "System.Xml.Linq.62mgoxb9g2.wasm": "System.Xml.Linq.wasm",
      "System.t4d4s3f398.wasm": "System.wasm",
      "TicketingSystem.Application.xx8bfdvnjz.wasm": "TicketingSystem.Application.wasm",
      "TicketingSystem.Blazor.g20flwswgf.wasm": "TicketingSystem.Blazor.wasm",
      "TicketingSystem.Domain.2ik4on8uft.wasm": "TicketingSystem.Domain.wasm",
      "netstandard.c5xl001qu7.wasm": "netstandard.wasm",
      "dotnet.js": "dotnet.js",
      "dotnet.native.noby4tlk4d.js": "dotnet.native.js",
      "dotnet.native.qe75a9vfqn.wasm": "dotnet.native.wasm",
      "dotnet.runtime.9o45ky8ejm.js": "dotnet.runtime.js",
      "icudt_CJK.tjcz0u77k5.dat": "icudt_CJK.dat",
      "icudt_EFIGS.tptq2av103.dat": "icudt_EFIGS.dat",
      "icudt_no_CJK.lfu7j35m59.dat": "icudt_no_CJK.dat"
    },
    "jsModuleNative": {
      "dotnet.native.noby4tlk4d.js": "sha256-p9eEzXhQIsI0a5bBJhfzW15iRafgplTxT8XrO5FiH9o="
    },
    "jsModuleRuntime": {
      "dotnet.runtime.9o45ky8ejm.js": "sha256-6QIZYgG+ftoT9N1H1EEJeXIhD/qbKqEcnmawDskiwdI="
    },
    "wasmNative": {
      "dotnet.native.qe75a9vfqn.wasm": "sha256-Po2dalLvTpf5jAS+jt0TzuBYybYiL1F6qAacZJ8UAdo="
    },
    "icu": {
      "icudt_CJK.tjcz0u77k5.dat": "sha256-SZLtQnRc0JkwqHab0VUVP7T3uBPSeYzxzDnpxPpUnHk=",
      "icudt_EFIGS.tptq2av103.dat": "sha256-8fItetYY8kQ0ww6oxwTLiT3oXlBwHKumbeP2pRF4yTc=",
      "icudt_no_CJK.lfu7j35m59.dat": "sha256-L7sV7NEYP37/Qr2FPCePo5cJqRgTXRwGHuwF5Q+0Nfs="
    },
    "coreAssembly": {
      "System.Private.CoreLib.0zkpb8ca5m.wasm": "sha256-bIGxxpJJCYZS+OnLxhf8pq1CAu3bzk/nc7tBL5sQZHA=",
      "System.Runtime.InteropServices.JavaScript.u9tzo6t7zm.wasm": "sha256-8v7jVijrzRlaTmvdds4+ZNyPL5DYfnYnzFYT2HtkqwM="
    },
    "assembly": {
      "Blazored.LocalStorage.rtee5ama0k.wasm": "sha256-cVAxLiUb8qzzOCkXKHPqqYyCUTBYWMeHuxWMBiceDLc=",
      "MediatR.Contracts.f5sa8x1lz4.wasm": "sha256-/db+nahzjeSd5EhxUqFrpFzJ998Up6Vgs1PHrV3jqkU=",
      "MediatR.flu4mwe7ud.wasm": "sha256-HZbrx+BYqziRJmGNVl3XWLu48H3ykjwGha5Igp7SdAo=",
      "Microsoft.AspNetCore.Authentication.1jy2czmvcw.wasm": "sha256-TTMbfIRYCWh/6ZtcC/6m23rRKoIiOx5Vw948CeeE9cA=",
      "Microsoft.AspNetCore.Authentication.Abstractions.teru10q8m9.wasm": "sha256-u9iMOIltdEH1f+auTSi7mcb4SBt2memdjfBRiDl2cNE=",
      "Microsoft.AspNetCore.Authentication.Cookies.5hwk0bo7dn.wasm": "sha256-l9JFTlQeou24it5z/wN5pLncCEvGXIhHTExQWTO548U=",
      "Microsoft.AspNetCore.Authentication.Core.m4evlbueww.wasm": "sha256-RvrgkuvCzUhIR14zDxsUqVpYzujZOdJHMJ36UJgBMIg=",
      "Microsoft.AspNetCore.Authorization.d3cmosykbz.wasm": "sha256-R/Gae+dkaVD+bHrYmUTpCoib5RRSoFXCcWj2bvnrEto=",
      "Microsoft.AspNetCore.Components.Authorization.gtg2riohx5.wasm": "sha256-XPuZIdRQFsu+fnbuBLWsvajexpgKtYmByJAakp7P0bs=",
      "Microsoft.AspNetCore.Components.Forms.4r6j9a245z.wasm": "sha256-8NlW/FXOSEEvlK/eLBoxbT18F2Cv6vippS8rIuVyUPA=",
      "Microsoft.AspNetCore.Components.Web.naj1878sl7.wasm": "sha256-7xtRkhXKKUZOYCDhFrkPSSCy0sKDOKhqURDlylJqkyc=",
      "Microsoft.AspNetCore.Components.WebAssembly.dtgferfsz9.wasm": "sha256-4QxJ/aCeCsNYUauiX7DlzSLT/OTF/yomXZW+2oaWLxI=",
      "Microsoft.AspNetCore.Components.c5n7w8y2jx.wasm": "sha256-8FCCy9A66QIEI/fFCzFWKt/46ydYnHz869zY+/Y3QIM=",
      "Microsoft.AspNetCore.Cryptography.Internal.h74jizllul.wasm": "sha256-DerYGSo/Fv1eaKofctJZS0pMhwPIP27KG3lbHKvWzkk=",
      "Microsoft.AspNetCore.Cryptography.KeyDerivation.mncxmhzpz8.wasm": "sha256-rhf5LuC5veij0cD+dqHtzNwtzlZ4ZNaOfFK6i0KmWU8=",
      "Microsoft.AspNetCore.DataProtection.0x2ox0eei1.wasm": "sha256-xEV/oEttD6lDH8uTc63YXb0hm7DbEhJM3TuHMuUdGJE=",
      "Microsoft.AspNetCore.DataProtection.Abstractions.i763uxpqcz.wasm": "sha256-LlR1Jkynaw8NHvrFDkb/TJlslaeyQ0smb/SvorJXgCM=",
      "Microsoft.AspNetCore.Hosting.Abstractions.kb9z3q8jmd.wasm": "sha256-EBu0K8SFe/KbDl6H4PhdQZcfOWBAQS9MiNm+0jjq0xo=",
      "Microsoft.AspNetCore.Hosting.Server.Abstractions.wyr9zkt2c4.wasm": "sha256-KOdV8nnepJvdzz9YZQF2IiESUrXNx6nNMN2Uvhssmi4=",
      "Microsoft.AspNetCore.Http.Abstractions.5jy9omvvsv.wasm": "sha256-7wgz1ZHwXmXV8y00xn+jT4BGeuCQQbVYGQl+PNvBfnQ=",
      "Microsoft.AspNetCore.Http.Extensions.57zig84vjd.wasm": "sha256-sbIJEHnGL6std1HkIJ83mfNTk5yznrGRZbaacPDI5w4=",
      "Microsoft.AspNetCore.Http.Features.pqxjsc5k5q.wasm": "sha256-bzIPAVp+XhD63CRn9cVTB4tJRU+oDEAuwFYoHytMhUk=",
      "Microsoft.AspNetCore.Http.f0vd9tuzrq.wasm": "sha256-P7u++4zIBAR6s/X8yOsyscat1H9SsWsnAnBNrm4OxlA=",
      "Microsoft.AspNetCore.Identity.3qvc864q0b.wasm": "sha256-m8uwdGLh0yoQJgrJecy7yfRXOD4chtRWcdsrmp9w7bI=",
      "Microsoft.AspNetCore.Identity.EntityFrameworkCore.zt9kwfafir.wasm": "sha256-x4qMupQjtCkPBODtDU41jP0vMIVdw0wclwKExI/vwrU=",
      "Microsoft.AspNetCore.Metadata.wdm8q8qkur.wasm": "sha256-rMKbR26OYnC+QFCs0+i/O8a1+twtQpYpgAqU6gwN3QA=",
      "Microsoft.AspNetCore.WebUtilities.3iepfijnwt.wasm": "sha256-VQM0rTyQ42zNsi2Mfz/XlOZsi4F4HQ5RrZnGIJaRhjI=",
      "Microsoft.EntityFrameworkCore.7t7maosifm.wasm": "sha256-C7uMIIpugqx99iNywMepsRY/Q0rv7aD8ruKXqgx+1Ng=",
      "Microsoft.EntityFrameworkCore.Abstractions.lvg32c70bc.wasm": "sha256-zyVmO6s2xjGE0GNaxXnkTA/haH/A2MHpHtt/5VMKx9Q=",
      "Microsoft.EntityFrameworkCore.Relational.ajs850b5pl.wasm": "sha256-dlew9QJAFsp4AjWUhEy7g8kLSZ0bilvqr/+CojJC4mQ=",
      "Microsoft.Extensions.Caching.Abstractions.1qhqiw9j3g.wasm": "sha256-xwFy2fMe832ssSdrhd53y073iFWMABXFbrDfwSMO/v0=",
      "Microsoft.Extensions.Caching.Memory.szkee7h777.wasm": "sha256-yHuCY1fEbe04aiYNnG4AMTPRjx0bUndEZu96yihL+s8=",
      "Microsoft.Extensions.Configuration.zpvb0tues9.wasm": "sha256-qZYnS6c+IVeTTTCv9UdLxbYgOXMhesqpDuD1MyYPnvA=",
      "Microsoft.Extensions.Configuration.Abstractions.t5tagj8hby.wasm": "sha256-Ia4ZT/KaU1kO23+6Suk6Wlny1rJVvvfgXxvdpPFAJGU=",
      "Microsoft.Extensions.Configuration.Json.dmhhu1g5m8.wasm": "sha256-i8q5/psvVa6UWC6mOnOAcc+djJgAlNS1V2vaHeNsyOc=",
      "Microsoft.Extensions.DependencyInjection.Abstractions.1xnx5kqbyf.wasm": "sha256-VUwPDTL1uOECoPT6UGGEiiilsmC+rFesNL1Irukl2v8=",
      "Microsoft.Extensions.DependencyInjection.krf6jshe74.wasm": "sha256-UAgEQCow5uQPbAlB7QzCgTK6MlhD6DaPazStkfdTPik=",
      "Microsoft.Extensions.Diagnostics.9wjofzsnko.wasm": "sha256-udXn/0bcTx5GOwMKP55YP0igfwTAXrKVyOb0HNt8BnY=",
      "Microsoft.Extensions.Diagnostics.Abstractions.lxk837v1en.wasm": "sha256-B1UXkgFSE2agrNMSEivyMuMolUfRQneQ2kdvIbH5l2s=",
      "Microsoft.Extensions.FileProviders.Abstractions.4qzw6jjajt.wasm": "sha256-3B5fOu31yc86xkGsUYHzjRbVv+Jq9g72ykjK0XdtWPw=",
      "Microsoft.Extensions.Http.cf8ngmk1hn.wasm": "sha256-mM3i1p8zFvyXPs5tFBO1ron49TaBVPH2meZEo1azqyY=",
      "Microsoft.Extensions.Identity.Core.zsgdxn4829.wasm": "sha256-rawPE9WIVp6SSdsR20MHaA9fP4Uip9gbQQ7YC96MX0Y=",
      "Microsoft.Extensions.Identity.Stores.t6epcq9sqb.wasm": "sha256-FdgW2yTadTY7BVJFeRMW3L9eRUwIKRVM0ukS7ZGSgXk=",
      "Microsoft.Extensions.Localization.Abstractions.ixsppbtym0.wasm": "sha256-tnMHqb6BpI1Jj9M9WNSAAJzzxHrQgov/aSXbFqc+xzk=",
      "Microsoft.Extensions.Localization.bvn14pws96.wasm": "sha256-6UgMJoVZBfDdfzYR0aKVK6BWArxpXC1qiQDDjiXw/L4=",
      "Microsoft.Extensions.Logging.j0jbt527g2.wasm": "sha256-/Xnho7lQcaDCVqN8dWDCiA01b8+Og6yjvHM04vxyuz8=",
      "Microsoft.Extensions.Logging.Abstractions.naw3rgqc9u.wasm": "sha256-P6GU5vSdestR4+viPn4Edmhe2jEC/+sIWGbjwClELkA=",
      "Microsoft.Extensions.ObjectPool.n96t76uekt.wasm": "sha256-BZx0hziW90rRo8LfJcoJpRiq66X8iwdLrZAcY7nuYXs=",
      "Microsoft.Extensions.Options.46wy5nhebt.wasm": "sha256-XEgEegfw8UJygh1xaeHpxVNpeRUeww3IXp/e/eUJTPU=",
      "Microsoft.Extensions.Primitives.xtjejewnx1.wasm": "sha256-5QZVgdiEpzsYtnlzTTpARCuL4KgkhOeP0uVmToMAAUk=",
      "Microsoft.Extensions.WebEncoders.38gikq54j2.wasm": "sha256-XVEO4cXrfKz81lwPwVPo/GK0FfSeEZ+ZRkVD6fCDgsg=",
      "Microsoft.JSInterop.WebAssembly.ck2n8tx5vz.wasm": "sha256-RKfavH34tK/SxIl5l5Vk2OCgDk0daQnWmnsCUws+2eU=",
      "Microsoft.JSInterop.84xctsirf8.wasm": "sha256-WMAWXmYSJk7JFfkTOzHqsh9ABemUi5C2P5sFtJF3Fjw=",
      "Microsoft.Net.Http.Headers.vhfw8f9f40.wasm": "sha256-jfXK+cfJd/PteHB+5Bay/NDY9b9VLvVw6G/Bm262Lpo=",
      "Microsoft.Win32.Registry.nvne6qba98.wasm": "sha256-nfHpcDQ6UrXasOPtYuYRAuSM1fw3+LIDPQFobE0aOmI=",
      "MudBlazor.jp5w6tg38r.wasm": "sha256-GQH7OXo9K0DJwtIXM4/PuKkMmQt3Ay6L7AiQfk0sAZ8=",
      "System.Buffers.y7p8c8pt00.wasm": "sha256-UlKLRbs4ALmCy3e6uxn1ROKd3+zGPwQ00Xw/57Iio3Q=",
      "System.Collections.u268bwwqgb.wasm": "sha256-OkTrQEoPyWGYvpg7njVYrzaPz1fTsFXQnmi0FNmeQZM=",
      "System.Collections.Concurrent.h2v1z0w85l.wasm": "sha256-d6mgeGPJknThrEDG8a3wYKrawwoevS3l1RuOuePGR3g=",
      "System.Collections.Immutable.mzcvyyot4l.wasm": "sha256-gj12bICOOb84iPlyLwuXVocbMege28ZZwfazkUjFKVU=",
      "System.Collections.NonGeneric.4hl4ukqt7n.wasm": "sha256-uNOAJlD8yjleZcql1bCQgo4T1c8QAfd/zl0MQK2n5KY=",
      "System.Collections.Specialized.k62ypa89w7.wasm": "sha256-dN+HLWqLcEHAfzSzdkrporx9mAkSQWnZFudVUMr5t00=",
      "System.ComponentModel.Annotations.017gopqo9f.wasm": "sha256-bLwgnjq4fVjyrfrafR7iZiBP48L3zZ6cf6yV7yw+juo=",
      "System.ComponentModel.Primitives.pmv9u3u50t.wasm": "sha256-YfKGgkjadwBj0rz6uqHcgeA50IxMlyR3EKv78jCZntg=",
      "System.ComponentModel.TypeConverter.0zr5xrjdyb.wasm": "sha256-3JlmrYKxo5ZJXYc5XDoI2cQHfIrMo5uLrQi1DYKb3Co=",
      "System.ComponentModel.jzuedxd7v1.wasm": "sha256-X3UhzHQ8oPw+1gIAtrUd6W8sed1kmYYoxOaMl2S3kZw=",
      "System.Console.5wsqfrlcmx.wasm": "sha256-O+DLtDhFWqfHKhvvnsETf3ONNYvOC8NWJGknncXWQyI=",
      "System.Data.Common.pkay0ng674.wasm": "sha256-91kF8vp5sG/opGecmoviSCNwxz+C7aaqvnPiwJ/7ms0=",
      "System.Diagnostics.DiagnosticSource.2p48k6ow6o.wasm": "sha256-xrX9PSVvnLhvT9lu5DnZ+GpZHkhQIScWu4Flp8/UsWA=",
      "System.Diagnostics.Tracing.apfi320fd3.wasm": "sha256-AvUBMtKH8KfA18WaLEzxNBTy7JCUqMfZdC/7xwGVLZg=",
      "System.Formats.Asn1.xf49xcc77t.wasm": "sha256-Q5CYslH8tTLeiFqMoUNx2VwL3gFRNXlwEiUGzx3PnlU=",
      "System.IO.Pipelines.k6xrvw54s2.wasm": "sha256-RNBkMougJwG2U4NAJtGo8zjRUiP0ErF57gN3oL3rx6Y=",
      "System.Linq.Expressions.744h5gjikl.wasm": "sha256-F0TdBMXcgl85m/sl3Zh1G2JFAcQp/bKxo86eQtnTvZc=",
      "System.Linq.Queryable.dyst5lyqdl.wasm": "sha256-1XCo1oRAsPE0iNPrdpobUxg1wa1CkFfvR1rpVza74MI=",
      "System.Linq.h5jjyki2m9.wasm": "sha256-tbnfBBs6l89SCKGLii6HZfky9F3FMWuQqIWDeJ8Xv+c=",
      "System.Memory.clapilfawt.wasm": "sha256-IMisB8BY2Prv6LW/ttnrara+TtwLSTwrk2kyx0ZoBpM=",
      "System.Net.Http.Json.0bxxnkaskr.wasm": "sha256-3A3wgqDNTlFqwig18koFfB+336QbC59De30hwzq2oqg=",
      "System.Net.Http.ezcv1dyw92.wasm": "sha256-hpe8y7hw0x+WcYHxU0c66+dcCXkPlfgiXmKv2XAn/D0=",
      "System.Net.NetworkInformation.8134o0e32q.wasm": "sha256-XKBxan91G8RUJvuuqWupa6C/JI63DKIS8QmT5gy3xnY=",
      "System.Net.Primitives.m7lgo5d69c.wasm": "sha256-YmvqXDGGTcstZPV1KR42wGt4IrIN66shjoo9wZHTGM8=",
      "System.Net.WebSockets.whryvgjfso.wasm": "sha256-tG6tKzAVtXABcKn7ZXAXfAxQ48SajJp4bB4oVJ3miZU=",
      "System.ObjectModel.ynmxqtgylc.wasm": "sha256-/l5x8PfXYmsureSw0W4kg0zYaTeQBaUaCN78VyI01eU=",
      "System.Private.Uri.s44e96ifx7.wasm": "sha256-bG0y1rhtPmQE/PUUh99gUrvkBef6p2a9860aiwC1BFI=",
      "System.Private.Xml.5jrkjjzsdq.wasm": "sha256-n+j8vjYzeeqSj5FY8zHfQu/FonRYnwjLaWIrOyDnZcE=",
      "System.Private.Xml.Linq.rw47xypc6h.wasm": "sha256-ZdKV4mSBggfOMEC9cCz1orNAWZRAbhAakAKIQbTqOUw=",
      "System.Runtime.hh0e7280vb.wasm": "sha256-9ShminFAyzEXRveyEQxnDHcUmqtnE+P6JuGwQTMRuEA=",
      "System.Runtime.InteropServices.pry7fjve8v.wasm": "sha256-xbaenb4iwzQANJLwYU9qoLTSv6HDsQDdrqIQaqq42pw=",
      "System.Runtime.Numerics.8dcs14uff5.wasm": "sha256-ZAGbJ12FxfPTQloug4xPE6F0+JvzkWvuEhQjW16hN3M=",
      "System.Security.AccessControl.0fgn7poxgt.wasm": "sha256-3N3BIBT3oAMdD40QYRMhm8jcR+9mjkL66fsQH0VVP78=",
      "System.Security.Claims.e8igvwaued.wasm": "sha256-siBR+t34u6P6IActHbRLKxZGmecpXhhb+Vv0k2cKFT4=",
      "System.Security.Cryptography.Pkcs.4rmexu0m3o.wasm": "sha256-sOPDx7BL7F4zBcrbFZ73qCLj3O7Kh9XL3iZOxVSrI6Q=",
      "System.Security.Cryptography.Xml.ox1n5kk03z.wasm": "sha256-jJ5h3HFNsGNvarPXihVLnrUBTXUbfjJgerCc0uxfGDU=",
      "System.Security.Cryptography.kgulob6bec.wasm": "sha256-dNHwsPBp+gANC+yBHRKcNlNILGV7TtFAir25KfNI0uQ=",
      "System.Security.Principal.Windows.wz0ncg4fsz.wasm": "sha256-zDBo8DXm3ZoUgF+utdIEEZJeI4Rp9GU1Rz41sPjdt6c=",
      "System.Text.Encodings.Web.u4fy7jvfmr.wasm": "sha256-HsSAItccrJx28OT6b9Leb4iDIQsPODqtUUHPanpiUMI=",
      "System.Text.Json.idgdjtinsm.wasm": "sha256-JvtffUZO1BQIbAifmUKoDsBssXC8zhi/WrozqLgwp+o=",
      "System.Text.RegularExpressions.k1c1nz87r9.wasm": "sha256-OBZOXXLjyp87+qy9hGLKkS0skwpZm5bzjbvVzBvQ3UE=",
      "System.Threading.kqnfry8i9g.wasm": "sha256-FBeVrUqfPsDRTsCAItz41jBWDVckdY4tQ0osuPDgh9I=",
      "System.Threading.Thread.u13k1px4e9.wasm": "sha256-cgG+SxCaOelUBvYBj/JRMtTfrFyGlV87/hw1V/LtuEg=",
      "System.Transactions.Local.ecyb1j7n79.wasm": "sha256-YoBHz16DsvqZepUiJ1QFwJGpeKTU/LoUzmse6WVTmQY=",
      "System.Xml.Linq.62mgoxb9g2.wasm": "sha256-UgDQgumqZj6p9gp1AxxwuF7FY0ittV25c4qrMW9q7XY=",
      "System.t4d4s3f398.wasm": "sha256-fVP2BxRRKpBA0PmBbKxmO45bXDrAXVn1GthlDclLbeU=",
      "TicketingSystem.Application.xx8bfdvnjz.wasm": "sha256-+4rT+MIFtv+niVo7OMwPJLefmz2A2ohuV2p8SqhyIoQ=",
      "TicketingSystem.Blazor.g20flwswgf.wasm": "sha256-GCPzZTr6DgIhGXCbGUv4d5wM2qSLqSjSbUcwvwnxLts=",
      "TicketingSystem.Domain.2ik4on8uft.wasm": "sha256-NuvpgAfCqbHj8rWTmLiB0CCId+6OPUUzcj6IquYnaeE=",
      "netstandard.c5xl001qu7.wasm": "sha256-ECtLFbDWNd8N2vuFTs7FZ1pWWfSuvnaQUTf9YTM3hns="
    }
  },
  "cacheBootResources": true,
  "debugLevel": 0,
  "linkerEnabled": true,
  "appsettings": [
    "../appsettings.Development.json",
    "../appsettings.json"
  ],
  "globalizationMode": "sharded",
  "extensions": {
    "blazor": {}
  }
}